feature,coef
intercept,0.05647883057984478
z_lag1,0.6641564659089708
ret,-20.48295023735654
ret_sq,78.6141455275039
abs_ret,-14.195738738748343
roll_mean_5,5.858262576733931
roll_mean_21,-46.01039458019491
roll_vol_5,5.962328909451676
roll_vol_21,32.61406085334054
downside_21,-42.44005468356582
drawdown_21,0.7732553439690272
realized_var_21,-66.77329029078017
